Type,Proof Size (bytes),Account Size (bytes),Time (ms),Compression Ratio
merkle_verification,320,181,1.5980000000000132,0.57
merkle_verification,320,298,0.1272999999999911,0.93
merkle_verification,320,525,0.014499999999998181,1.64
merkle_verification,320,244,0.010600000000010823,0.76
merkle_verification,320,585,0.23229999999995243,1.83
merkle_verification,320,511,0.016799999999989268,1.60
merkle_verification,320,202,0.02539999999999054,0.63
merkle_verification,320,715,0.05339999999995371,2.23
merkle_verification,320,905,0.06479999999999109,2.83
merkle_verification,320,491,0.11919999999997799,1.53
merkle_verification,320,617,0.021000000000015007,1.93
merkle_verification,320,761,0.010299999999972442,2.38
merkle_verification,320,218,0.007499999999993179,0.68
merkle_verification,320,871,0.005699999999990268,2.72
merkle_verification,320,123,0.006599999999991724,0.38
merkle_verification,320,559,0.009899999999959164,1.75
merkle_verification,320,527,0.0066999999999666215,1.65
merkle_verification,320,591,0.0066999999999666215,1.85
merkle_verification,320,170,0.004699999999957072,0.53
merkle_verification,320,665,0.010400000000004184,2.08
merkle_verification,320,692,0.005699999999990268,2.16
merkle_verification,320,478,0.005999999999971806,1.49
merkle_verification,320,638,0.0049999999999954525,1.99
merkle_verification,320,101,0.004500000000007276,0.32
merkle_verification,320,984,0.005899999999996908,3.08
merkle_verification,320,550,0.004799999999988813,1.72
merkle_verification,320,705,0.004400000000032378,2.20
merkle_verification,320,149,0.008099999999956253,0.47
merkle_verification,320,686,0.004799999999988813,2.14
merkle_verification,320,235,0.005200000000002092,0.73
merkle_verification,320,123,0.005900000000053751,0.38
merkle_verification,320,101,0.004700000000013915,0.32
merkle_verification,320,120,0.007000000000005002,0.38
merkle_verification,320,793,0.006399999999985084,2.48
merkle_verification,320,559,0.005599999999958527,1.75
merkle_verification,320,1077,0.008100000000013097,3.37
merkle_verification,320,559,0.004899999999963711,1.75
merkle_verification,320,414,0.0072999999999865395,1.29
merkle_verification,320,1052,0.0055000000000404725,3.29
merkle_verification,320,159,0.006199999999978445,0.50
merkle_verification,320,508,0.0050999999999703505,1.59
merkle_verification,320,591,0.007199999999954798,1.85
merkle_verification,320,823,0.006300000000010186,2.57
merkle_verification,320,705,0.0056000000000153705,2.20
merkle_verification,320,263,0.004300000000000637,0.82
merkle_verification,320,364,0.005700000000047112,1.14
merkle_verification,320,1053,0.006900000000030104,3.29
merkle_verification,320,850,0.012200000000007094,2.66
merkle_verification,320,816,0.005499999999983629,2.55
merkle_verification,320,212,0.006300000000010186,0.66
merkle_verification,320,169,0.0056000000000153705,0.53
merkle_verification,320,152,0.004700000000013915,0.47
merkle_verification,320,704,0.003899999999987358,2.20
merkle_verification,320,339,0.0056000000000153705,1.06
merkle_verification,320,214,0.004100000000050841,0.67
merkle_verification,320,752,0.003999999999962256,2.35
merkle_verification,320,509,0.004500000000007276,1.59
merkle_verification,320,925,0.004099999999993997,2.89
merkle_verification,320,589,0.0049999999999954525,1.84
merkle_verification,320,535,0.00529999999997699,1.67
merkle_verification,320,576,0.004400000000032378,1.80
merkle_verification,320,515,0.004400000000032378,1.61
merkle_verification,320,590,0.00529999999997699,1.84
merkle_verification,320,423,0.004400000000032378,1.32
merkle_verification,320,1079,0.006100000000003547,3.37
merkle_verification,320,754,0.006199999999978445,2.36
merkle_verification,320,319,0.0036000000000058208,1.00
merkle_verification,320,672,0.004599999999982174,2.10
merkle_verification,320,183,0.004599999999982174,0.57
merkle_verification,320,122,0.004700000000013915,0.38
merkle_verification,320,1073,0.004800000000045657,3.35
merkle_verification,320,507,0.003899999999987358,1.58
merkle_verification,320,1076,0.004000000000019099,3.36
merkle_verification,320,538,0.004600000000039017,1.68
merkle_verification,320,243,0.004200000000025739,0.76
merkle_verification,320,823,0.0036999999999807187,2.57
merkle_verification,320,705,0.004000000000019099,2.20
merkle_verification,320,1015,0.005000000000052296,3.17
merkle_verification,320,845,0.003899999999987358,2.64
merkle_verification,320,113,0.00380000000001246,0.35
merkle_verification,320,652,0.004700000000013915,2.04
merkle_verification,320,846,0.003899999999987358,2.64
merkle_verification,320,1073,0.005499999999983629,3.35
merkle_verification,320,188,0.004600000000039017,0.59
merkle_verification,320,260,0.006100000000003547,0.81
merkle_verification,320,217,0.006700000000023465,0.68
merkle_verification,320,765,0.00909999999998945,2.39
merkle_verification,320,1015,0.0072999999999865395,3.17
merkle_verification,320,242,0.0181999999999789,0.76
merkle_verification,320,196,0.007300000000043383,0.61
merkle_verification,320,492,0.00909999999998945,1.54
merkle_verification,320,246,0.0049999999999954525,0.77
merkle_verification,320,897,0.007400000000018281,2.80
merkle_verification,320,853,0.008699999999976171,2.67
merkle_verification,320,584,0.008100000000013097,1.82
merkle_verification,320,180,0.00529999999997699,0.56
merkle_verification,320,223,0.004700000000013915,0.70
merkle_verification,320,311,0.004599999999982174,0.97
merkle_verification,320,673,0.0050999999999703505,2.10
merkle_verification,320,853,0.0044999999999504325,2.67
merkle_verification,320,568,0.007900000000006457,1.77
merkle_verification,320,461,0.009000000000014552,1.44
merkle_verification,320,411,0.007300000000043383,1.28
merkle_verification,320,686,0.010100000000022646,2.14
merkle_verification,320,226,0.014599999999973079,0.71
merkle_verification,320,766,0.014200000000016644,2.39
merkle_verification,320,956,0.01830000000001064,2.99
merkle_verification,320,180,0.022800000000017917,0.56
merkle_verification,320,622,0.09249999999997272,1.94
merkle_verification,320,1060,0.08730000000002747,3.31
merkle_verification,320,366,0.028300000000001546,1.14
merkle_verification,320,315,0.022899999999992815,0.98
merkle_verification,320,185,0.020400000000051932,0.58
merkle_verification,320,821,0.02250000000003638,2.57
merkle_verification,320,584,0.011700000000018917,1.82
merkle_verification,320,894,0.017299999999977445,2.79
merkle_verification,320,670,0.02329999999994925,2.09
merkle_verification,320,665,0.025199999999983902,2.08
merkle_verification,320,530,0.021399999999971442,1.66
merkle_verification,320,705,0.043000000000006366,2.20
merkle_verification,320,318,0.07910000000003947,0.99
merkle_verification,320,701,0.03550000000001319,2.19
merkle_verification,320,526,0.021099999999989905,1.64
merkle_verification,320,570,0.01619999999996935,1.78
merkle_verification,320,918,0.01690000000002101,2.87
merkle_verification,320,170,0.009700000000009368,0.53
merkle_verification,320,832,0.01890000000003056,2.60
merkle_verification,320,932,0.012200000000007094,2.91
merkle_verification,320,928,0.010300000000029286,2.90
merkle_verification,320,217,0.006900000000030104,0.68
merkle_verification,320,536,0.6537000000000148,1.68
merkle_verification,320,356,0.03969999999998208,1.11
merkle_verification,320,433,0.021900000000016462,1.35
merkle_verification,320,994,0.015300000000024738,3.11
merkle_verification,320,311,0.016400000000032833,0.97
merkle_verification,320,929,0.017499999999984084,2.90
merkle_verification,320,1098,0.012299999999981992,3.43
merkle_verification,320,701,0.018299999999953798,2.19
merkle_verification,320,395,0.015199999999992997,1.23
merkle_verification,320,1047,0.015700000000038017,3.27
merkle_verification,320,166,0.013399999999990087,0.52
merkle_verification,320,984,0.010199999999997544,3.08
merkle_verification,320,476,0.009899999999959164,1.49
merkle_verification,320,612,0.016899999999964166,1.91
merkle_verification,320,929,0.009799999999984266,2.90
merkle_verification,320,450,0.016000000000019554,1.41
merkle_verification,320,904,0.012700000000052114,2.83
merkle_verification,320,394,0.014099999999984902,1.23
merkle_verification,320,214,0.015399999999999636,0.67
merkle_verification,320,193,0.04790000000002692,0.60
merkle_verification,320,878,0.04379999999997608,2.74
merkle_verification,320,224,0.012600000000020373,0.70
merkle_verification,320,1071,0.018899999999973716,3.35
merkle_verification,320,746,0.014099999999984902,2.33
merkle_verification,320,955,0.012400000000013733,2.98
merkle_verification,320,890,0.011799999999993815,2.78
merkle_verification,320,494,0.011300000000005639,1.54
merkle_verification,320,530,0.010499999999979082,1.66
merkle_verification,320,968,0.015600000000006276,3.02
merkle_verification,320,308,0.008600000000001273,0.96
merkle_verification,320,801,0.008199999999987995,2.50
merkle_verification,320,875,0.009899999999959164,2.73
merkle_verification,320,583,0.013800000000003365,1.82
merkle_verification,320,180,0.013499999999964984,0.56
merkle_verification,320,579,0.009900000000016007,1.81
merkle_verification,320,582,0.012099999999975353,1.82
merkle_verification,320,527,0.00960000000003447,1.65
merkle_verification,320,498,0.012600000000020373,1.56
merkle_verification,320,301,0.009700000000009368,0.94
merkle_verification,320,441,0.011299999999948795,1.38
merkle_verification,320,1071,0.01839999999998554,3.35
merkle_verification,320,984,0.013599999999996726,3.08
merkle_verification,320,582,0.024699999999995725,1.82
merkle_verification,320,625,0.007599999999968077,1.95
merkle_verification,320,264,0.00929999999999609,0.82
merkle_verification,320,743,0.011099999999999,2.32
merkle_verification,320,181,0.015700000000038017,0.57
merkle_verification,320,441,0.008800000000007913,1.38
merkle_verification,320,973,0.008600000000001273,3.04
merkle_verification,320,803,0.00980000000004111,2.51
merkle_verification,320,1079,0.011200000000030741,3.37
merkle_verification,320,853,0.01599999999996271,2.67
merkle_verification,320,476,0.007699999999999818,1.49
merkle_verification,320,337,0.019199999999955253,1.05
merkle_verification,320,713,0.010699999999985721,2.23
merkle_verification,320,813,0.00929999999999609,2.54
merkle_verification,320,203,0.014999999999986358,0.63
merkle_verification,320,914,0.00940000000002783,2.86
merkle_verification,320,214,0.00929999999999609,0.67
merkle_verification,320,453,0.011699999999962074,1.42
merkle_verification,320,1060,0.014599999999973079,3.31
merkle_verification,320,1073,0.011500000000012278,3.35
merkle_verification,320,978,0.01310000000000855,3.06
merkle_verification,320,1042,0.019299999999986994,3.26
merkle_verification,320,691,0.021299999999996544,2.16
merkle_verification,320,629,0.016799999999989268,1.97
merkle_verification,320,290,0.010099999999965803,0.91
merkle_verification,320,369,0.004099999999993997,1.15
merkle_verification,320,902,0.009199999999964348,2.82
merkle_verification,320,765,0.010400000000004184,2.39
merkle_verification,320,709,0.007000000000005002,2.22
merkle_verification,320,638,0.006900000000030104,1.99
merkle_verification,320,455,0.005200000000002092,1.42
merkle_verification,320,374,0.007699999999999818,1.17
merkle_verification,320,308,0.0039000000000442014,0.96
merkle_verification,320,525,0.024699999999995725,1.64
merkle_verification,320,808,0.00929999999999609,2.52
merkle_verification,320,971,0.010199999999997544,3.03
merkle_verification,320,722,0.011000000000024102,2.26
merkle_verification,320,434,0.0072999999999865395,1.36
merkle_verification,320,733,0.005599999999958527,2.29
merkle_verification,320,352,0.007999999999981355,1.10
merkle_verification,320,1094,0.010500000000035925,3.42
merkle_verification,320,1047,0.005200000000002092,3.27
merkle_verification,320,954,0.07329999999996062,2.98
merkle_verification,320,793,0.014499999999998181,2.48
merkle_verification,320,845,0.012099999999975353,2.64
merkle_verification,320,305,0.009700000000009368,0.95
merkle_verification,320,805,0.007900000000006457,2.52
merkle_verification,320,956,0.006100000000003547,2.99
merkle_verification,320,1045,0.00889999999998281,3.27
merkle_verification,320,562,0.010099999999965803,1.76
merkle_verification,320,1079,0.005200000000002092,3.37
merkle_verification,320,847,0.005700000000047112,2.65
merkle_verification,320,601,0.013299999999958345,1.88
merkle_verification,320,638,0.006500000000016826,1.99
merkle_verification,320,186,0.0072000000000116415,0.58
merkle_verification,320,181,0.004500000000007276,0.57
merkle_verification,320,590,0.008100000000013097,1.84
merkle_verification,320,535,0.008700000000033015,1.67
merkle_verification,320,144,0.004700000000013915,0.45
merkle_verification,320,203,0.004799999999988813,0.63
merkle_verification,320,1073,0.0055000000000404725,3.35
merkle_verification,320,651,0.005200000000002092,2.03
merkle_verification,320,203,0.00929999999999609,0.63
merkle_verification,320,270,0.009700000000009368,0.84
merkle_verification,320,441,0.006599999999991724,1.38
merkle_verification,320,183,0.011899999999968713,0.57
merkle_verification,320,533,0.008199999999987995,1.67
merkle_verification,320,960,0.03560000000004493,3.00
merkle_verification,320,985,0.008100000000013097,3.08
merkle_verification,320,508,0.005799999999965166,1.59
merkle_verification,320,1028,0.006199999999978445,3.21
merkle_verification,320,736,0.008199999999987995,2.30
merkle_verification,320,550,0.048499999999989996,1.72
merkle_verification,320,1021,0.009000000000014552,3.19
merkle_verification,320,845,0.00929999999999609,2.64
merkle_verification,320,750,0.009900000000016007,2.34
merkle_verification,320,371,0.009900000000016007,1.16
merkle_verification,320,308,0.005699999999990268,0.96
merkle_verification,320,660,0.036200000000008004,2.06
merkle_verification,320,530,0.009799999999984266,1.66
merkle_verification,320,1001,0.008900000000039654,3.13
merkle_verification,320,973,0.005699999999990268,3.04
merkle_verification,320,754,0.011300000000005639,2.36
merkle_verification,320,565,0.01320000000004029,1.77
merkle_verification,320,326,0.012000000000000455,1.02
merkle_verification,320,188,0.00760000000002492,0.59
merkle_verification,320,458,0.007599999999968077,1.43
merkle_verification,320,572,0.008900000000039654,1.79
merkle_verification,320,626,0.007799999999974716,1.96
merkle_verification,320,682,0.009599999999977626,2.13
merkle_verification,320,122,0.00940000000002783,0.38
merkle_verification,320,896,0.008600000000001273,2.80
merkle_verification,320,894,0.00929999999999609,2.79
merkle_verification,320,169,0.007699999999999818,0.53
merkle_verification,320,243,0.008600000000001273,0.76
merkle_verification,320,821,0.006799999999998363,2.57
merkle_verification,320,491,0.012999999999976808,1.53
merkle_verification,320,691,0.009000000000014552,2.16
merkle_verification,320,962,0.01870000000002392,3.01
merkle_verification,320,203,0.016899999999964166,0.63
merkle_verification,320,127,0.016799999999989268,0.40
merkle_verification,320,562,0.020000000000038654,1.76
merkle_verification,320,701,0.015000000000043201,2.19
merkle_verification,320,453,0.016999999999995907,1.42
merkle_verification,320,989,0.00929999999999609,3.09
merkle_verification,320,197,0.012200000000007094,0.62
merkle_verification,320,505,0.011200000000030741,1.58
merkle_verification,320,505,0.007799999999974716,1.58
merkle_verification,320,391,0.010800000000017462,1.22
merkle_verification,320,219,0.00960000000003447,0.68
merkle_verification,320,955,0.007000000000005002,2.98
merkle_verification,320,428,0.011399999999980537,1.34
merkle_verification,320,489,0.007699999999999818,1.53
merkle_verification,320,559,0.007900000000006457,1.75
merkle_verification,320,785,0.008399999999994634,2.45
merkle_verification,320,306,0.005700000000047112,0.96
merkle_verification,320,801,0.007400000000018281,2.50
merkle_verification,320,123,0.011700000000018917,0.38
merkle_verification,320,441,0.008500000000026375,1.38
merkle_verification,320,1035,0.007199999999954798,3.23
merkle_verification,320,352,0.005699999999990268,1.10
merkle_verification,320,358,0.009700000000009368,1.12
merkle_verification,320,1070,0.0072000000000116415,3.34
merkle_verification,320,453,0.005699999999990268,1.42
merkle_verification,320,319,0.04640000000000555,1.00
merkle_verification,320,897,0.026499999999998636,2.80
merkle_verification,320,545,0.011799999999993815,1.70
merkle_verification,320,584,0.013499999999964984,1.82
merkle_verification,320,611,0.010099999999965803,1.91
merkle_verification,320,629,0.007699999999999818,1.97
merkle_verification,320,964,0.00980000000004111,3.01
merkle_verification,320,542,0.008199999999987995,1.69
merkle_verification,320,919,0.008600000000001273,2.87
merkle_verification,320,285,0.010199999999997544,0.89
merkle_verification,320,695,0.008099999999956253,2.17
merkle_verification,320,793,0.011099999999999,2.48
merkle_verification,320,1080,0.025899999999978718,3.38
merkle_verification,320,579,0.009599999999977626,1.81
merkle_verification,320,188,0.01360000000005357,0.59
merkle_verification,320,323,0.006599999999991724,1.01
merkle_verification,320,321,0.008699999999976171,1.00
merkle_verification,320,216,0.007999999999981355,0.68
merkle_verification,320,212,0.012299999999981992,0.66
merkle_verification,320,869,0.013299999999958345,2.72
merkle_verification,320,318,0.008800000000007913,0.99
merkle_verification,320,885,0.005699999999990268,2.77
merkle_verification,320,1088,0.05520000000001346,3.40
merkle_verification,320,729,0.009799999999984266,2.28
merkle_verification,320,234,0.014499999999998181,0.73
merkle_verification,320,638,0.008100000000013097,1.99
merkle_verification,320,962,0.00580000000002201,3.01
merkle_verification,320,489,0.008200000000044838,1.53
merkle_verification,320,923,0.011500000000012278,2.88
merkle_verification,320,919,0.009500000000002728,2.87
merkle_verification,320,437,0.010100000000022646,1.37
merkle_verification,320,364,0.010499999999979082,1.14
merkle_verification,320,474,0.00889999999998281,1.48
merkle_verification,320,768,0.006700000000023465,2.40
merkle_verification,320,343,0.007799999999974716,1.07
merkle_verification,320,925,0.009700000000009368,2.89
merkle_verification,320,229,0.007699999999999818,0.72
merkle_verification,320,491,0.005100000000027194,1.53
merkle_verification,320,595,0.004800000000045657,1.86
merkle_verification,320,242,0.006199999999978445,0.76
merkle_verification,320,595,0.004399999999975535,1.86
merkle_verification,320,613,0.006100000000003547,1.92
merkle_verification,320,745,0.004500000000007276,2.33
merkle_verification,320,604,0.019099999999980355,1.89
merkle_verification,320,121,0.009799999999984266,0.38
merkle_verification,320,1073,0.008500000000026375,3.35
merkle_verification,320,919,0.006100000000003547,2.87
merkle_verification,320,291,0.006799999999998363,0.91
merkle_verification,320,141,0.008999999999957708,0.44
merkle_verification,320,491,0.007799999999974716,1.53
merkle_verification,320,1076,0.020299999999963347,3.36
merkle_verification,320,929,0.018000000000029104,2.90
merkle_verification,320,584,0.014800000000036562,1.82
merkle_verification,320,941,0.005999999999971806,2.94
merkle_verification,320,704,0.010199999999997544,2.20
merkle_verification,320,924,0.009999999999990905,2.89
merkle_verification,320,971,0.008200000000044838,3.03
merkle_verification,320,856,0.0072999999999865395,2.67
merkle_verification,320,351,0.008199999999987995,1.10
merkle_verification,320,1052,0.005799999999965166,3.29
merkle_verification,320,355,0.0072000000000116415,1.11
merkle_verification,320,159,0.005799999999965166,0.50
merkle_verification,320,508,0.005200000000002092,1.59
merkle_verification,320,306,0.005399999999951888,0.96
merkle_verification,320,489,0.014499999999998181,1.53
merkle_verification,320,1072,0.005499999999983629,3.35
merkle_verification,320,223,0.008800000000007913,0.70
merkle_verification,320,428,0.006400000000041928,1.34
merkle_verification,320,632,0.004099999999993997,1.98
merkle_verification,320,193,0.005200000000002092,0.60
merkle_verification,320,287,0.007000000000005002,0.90
merkle_verification,320,370,0.0039000000000442014,1.16
merkle_verification,320,1090,0.0049999999999954525,3.41
merkle_verification,320,846,0.004200000000025739,2.64
merkle_verification,320,914,0.004399999999975535,2.86
merkle_verification,320,550,0.004899999999963711,1.72
merkle_verification,320,892,0.004199999999968895,2.79
merkle_verification,320,515,0.003999999999962256,1.61
merkle_verification,320,784,0.0050999999999703505,2.45
merkle_verification,320,493,0.008800000000007913,1.54
merkle_verification,320,455,0.008300000000019736,1.42
merkle_verification,320,792,0.00760000000002492,2.48
merkle_verification,320,101,0.0049999999999954525,0.32
merkle_verification,320,894,0.004200000000025739,2.79
merkle_verification,320,525,0.0049999999999954525,1.64
merkle_verification,320,249,0.04019999999997026,0.78
merkle_verification,320,355,0.010500000000035925,1.11
merkle_verification,320,170,0.007699999999999818,0.53
merkle_verification,320,391,0.009200000000021191,1.22
merkle_verification,320,801,0.013499999999964984,2.50
merkle_verification,320,853,0.008999999999957708,2.67
merkle_verification,320,1065,0.005300000000033833,3.33
merkle_verification,320,915,0.005499999999983629,2.86
merkle_verification,320,149,0.00580000000002201,0.47
merkle_verification,320,979,0.006000000000028649,3.06
merkle_verification,320,433,0.008100000000013097,1.35
merkle_verification,320,190,0.008600000000001273,0.59
merkle_verification,320,896,0.006500000000016826,2.80
merkle_verification,320,622,0.006200000000035288,1.94
merkle_verification,320,929,0.007900000000006457,2.90
merkle_verification,320,425,0.009999999999990905,1.33
merkle_verification,320,668,0.008000000000038199,2.09
merkle_verification,320,902,0.00960000000003447,2.82
merkle_verification,320,462,0.011799999999993815,1.44
merkle_verification,320,963,0.017299999999977445,3.01
merkle_verification,320,492,0.008499999999969532,1.54
merkle_verification,320,290,0.016600000000039472,0.91
merkle_verification,320,613,0.01160000000004402,1.92
merkle_verification,320,944,0.011099999999999,2.95
merkle_verification,320,795,0.011899999999968713,2.48
merkle_verification,320,694,0.013499999999964984,2.17
merkle_verification,320,896,0.006400000000041928,2.80
merkle_verification,320,531,0.009999999999990905,1.66
merkle_verification,320,725,0.012200000000007094,2.27
merkle_verification,320,140,0.009500000000002728,0.44
merkle_verification,320,252,0.010699999999985721,0.79
merkle_verification,320,782,0.011700000000018917,2.44
merkle_verification,320,582,0.011700000000018917,1.82
merkle_verification,320,683,0.010800000000017462,2.13
merkle_verification,320,361,0.013199999999983447,1.13
merkle_verification,320,983,0.026900000000011914,3.07
merkle_verification,320,738,0.010100000000022646,2.31
merkle_verification,320,417,0.010500000000035925,1.30
merkle_verification,320,428,0.006799999999998363,1.34
merkle_verification,320,1076,0.010600000000010823,3.36
merkle_verification,320,632,0.006199999999978445,1.98
merkle_verification,320,404,0.006000000000028649,1.26
merkle_verification,320,856,0.021299999999996544,2.67
merkle_verification,320,715,0.011700000000018917,2.23
merkle_verification,320,767,0.006599999999991724,2.40
merkle_verification,320,456,0.006799999999998363,1.43
merkle_verification,320,339,0.006399999999985084,1.06
merkle_verification,320,692,0.008300000000019736,2.16
merkle_verification,320,525,0.006599999999991724,1.64
merkle_verification,320,853,0.0072000000000116415,2.67
merkle_verification,320,900,0.006499999999959982,2.81
merkle_verification,320,888,0.008399999999994634,2.77
merkle_verification,320,503,0.007599999999968077,1.57
merkle_verification,320,518,0.008100000000013097,1.62
merkle_verification,320,790,0.007499999999993179,2.47
merkle_verification,320,950,0.006900000000030104,2.97
merkle_verification,320,705,0.007000000000005002,2.20
merkle_verification,320,818,0.007199999999954798,2.56
merkle_verification,320,780,0.007999999999981355,2.44
merkle_verification,320,508,0.008199999999987995,1.59
merkle_verification,320,816,0.008199999999987995,2.55
merkle_verification,320,759,0.006899999999973261,2.37
merkle_verification,320,792,0.006399999999985084,2.48
merkle_verification,320,653,0.00879999999995107,2.04
merkle_verification,320,996,0.0072999999999865395,3.11
merkle_verification,320,1017,0.015100000000018099,3.18
merkle_verification,320,853,0.007699999999999818,2.67
merkle_verification,320,300,0.009700000000009368,0.94
merkle_verification,320,188,0.04149999999998499,0.59
merkle_verification,320,915,0.018600000000049022,2.86
merkle_verification,320,701,0.019300000000043838,2.19
merkle_verification,320,535,0.014200000000016644,1.67
merkle_verification,320,900,0.03370000000001028,2.81
merkle_verification,320,629,0.00960000000003447,1.97
merkle_verification,320,361,0.015000000000043201,1.13
merkle_verification,320,1020,0.010199999999997544,3.19
merkle_verification,320,805,0.006300000000010186,2.52
merkle_verification,320,202,0.008800000000007913,0.63
merkle_verification,320,632,0.008000000000038199,1.98
merkle_verification,320,956,0.006700000000023465,2.99
merkle_verification,320,296,0.008700000000033015,0.93
merkle_verification,320,416,0.006000000000028649,1.30
merkle_verification,320,698,0.006600000000048567,2.18
merkle_verification,320,361,0.006199999999978445,1.13
merkle_verification,320,233,0.007900000000006457,0.73
merkle_verification,320,433,0.0050999999999703505,1.35
merkle_verification,320,202,0.004200000000025739,0.63
merkle_verification,320,754,0.0072999999999865395,2.36
merkle_verification,320,914,0.00760000000002492,2.86
merkle_verification,320,622,0.006900000000030104,1.94
merkle_verification,320,1020,0.0049999999999954525,3.19
merkle_verification,320,498,0.004399999999975535,1.56
merkle_verification,320,981,0.005200000000002092,3.07
merkle_verification,320,525,0.004099999999993997,1.64
merkle_verification,320,230,0.004800000000045657,0.72
merkle_verification,320,835,0.004500000000007276,2.61
merkle_verification,320,1053,0.004099999999993997,3.29
merkle_verification,320,337,0.004599999999982174,1.05
merkle_verification,320,378,0.00380000000001246,1.18
merkle_verification,320,525,0.005899999999996908,1.64
merkle_verification,320,230,0.005200000000002092,0.72
merkle_verification,320,371,0.005200000000002092,1.16
merkle_verification,320,494,0.028799999999989723,1.54
merkle_verification,320,197,0.004400000000032378,0.62
merkle_verification,320,852,0.0049999999999954525,2.66
merkle_verification,320,166,0.004500000000007276,0.52
merkle_verification,320,474,0.00929999999999609,1.48
merkle_verification,320,576,0.004199999999968895,1.80
merkle_verification,320,130,0.004300000000000637,0.41
merkle_verification,320,359,0.005200000000002092,1.12
merkle_verification,320,447,0.005200000000002092,1.40
merkle_verification,320,572,0.004000000000019099,1.79
merkle_verification,320,153,0.01630000000000109,0.48
merkle_verification,320,672,0.004000000000019099,2.10
merkle_verification,320,322,0.004199999999968895,1.01
merkle_verification,320,813,0.005599999999958527,2.54
merkle_verification,320,358,0.0049999999999954525,1.12
merkle_verification,320,662,0.0050999999999703505,2.07
merkle_verification,320,622,0.0049999999999954525,1.94
merkle_verification,320,506,0.0056000000000153705,1.58
merkle_verification,320,587,0.0036000000000058208,1.83
merkle_verification,320,197,0.004099999999993997,0.62
merkle_verification,320,203,0.0036999999999807187,0.63
merkle_verification,320,147,0.004100000000050841,0.46
merkle_verification,320,123,0.004099999999993997,0.38
merkle_verification,320,980,0.004099999999993997,3.06
merkle_verification,320,382,0.003899999999987358,1.19
merkle_verification,320,551,0.014499999999998181,1.72
merkle_verification,320,351,0.0049999999999954525,1.10
merkle_verification,320,1028,0.005400000000008731,3.21
merkle_verification,320,1080,0.005400000000008731,3.38
merkle_verification,320,629,0.004199999999968895,1.97
merkle_verification,320,589,0.003999999999962256,1.84
merkle_verification,320,423,0.003899999999987358,1.32
merkle_verification,320,385,0.004000000000019099,1.20
merkle_verification,320,736,0.003899999999987358,2.30
merkle_verification,320,144,0.0036000000000058208,0.45
merkle_verification,320,485,0.00380000000001246,1.52
merkle_verification,320,224,0.007400000000018281,0.70
merkle_verification,320,683,0.0039000000000442014,2.13
merkle_verification,320,430,0.03550000000001319,1.34
merkle_verification,320,336,0.006299999999953343,1.05
merkle_verification,320,626,0.004399999999975535,1.96
merkle_verification,320,132,0.0049999999999954525,0.41
merkle_verification,320,782,0.0036999999999807187,2.44
merkle_verification,320,926,0.004400000000032378,2.89
merkle_verification,320,895,0.004900000000020555,2.80
merkle_verification,320,792,0.0034999999999740794,2.48
merkle_verification,320,795,0.004900000000020555,2.48
merkle_verification,320,162,0.004200000000025739,0.51
merkle_verification,320,163,0.004300000000000637,0.51
merkle_verification,320,902,0.004600000000039017,2.82
merkle_verification,320,414,0.00380000000001246,1.29
merkle_verification,320,980,0.005300000000033833,3.06
merkle_verification,320,590,0.003899999999987358,1.84
merkle_verification,320,538,0.00380000000001246,1.68
merkle_verification,320,149,0.004699999999957072,0.47
merkle_verification,320,835,0.0033999999999991815,2.61
merkle_verification,320,185,0.010400000000004184,0.58
merkle_verification,320,666,0.004900000000020555,2.08
merkle_verification,320,604,0.00380000000001246,1.89
merkle_verification,320,1090,0.006799999999998363,3.41
merkle_verification,320,606,0.0036999999999807187,1.89
merkle_verification,320,1051,0.005300000000033833,3.28
merkle_verification,320,820,0.004000000000019099,2.56
merkle_verification,320,264,0.00380000000001246,0.82
merkle_verification,320,1084,0.004700000000013915,3.39
merkle_verification,320,840,0.003899999999987358,2.63
merkle_verification,320,984,0.004199999999968895,3.08
merkle_verification,320,240,0.003999999999962256,0.75
merkle_verification,320,263,0.004399999999975535,0.82
merkle_verification,320,463,0.009500000000002728,1.45
merkle_verification,320,740,0.0036999999999807187,2.31
merkle_verification,320,1083,0.0036000000000058208,3.38
merkle_verification,320,163,0.004899999999963711,0.51
merkle_verification,320,565,0.003999999999962256,1.77
merkle_verification,320,1042,0.004199999999968895,3.26
merkle_verification,320,1008,0.005899999999996908,3.15
merkle_verification,320,588,0.0037999999999556167,1.84
merkle_verification,320,784,0.0033999999999991815,2.45
merkle_verification,320,104,0.006599999999991724,0.33
merkle_verification,320,999,0.005899999999996908,3.12
merkle_verification,320,753,0.006899999999973261,2.35
merkle_verification,320,681,0.007399999999961437,2.13
merkle_verification,320,296,0.0049999999999954525,0.93
merkle_verification,320,288,0.0070999999999799,0.90
merkle_verification,320,101,0.006500000000016826,0.32
merkle_verification,320,205,0.006899999999973261,0.64
merkle_verification,320,502,0.003899999999987358,1.57
merkle_verification,320,888,0.00380000000001246,2.77
merkle_verification,320,1025,0.005300000000033833,3.20
merkle_verification,320,730,0.004500000000007276,2.28
merkle_verification,320,190,0.006000000000028649,0.59
merkle_verification,320,842,0.005100000000027194,2.63
merkle_verification,320,856,0.004700000000013915,2.67
merkle_verification,320,518,0.01089999999999236,1.62
merkle_verification,320,853,0.006100000000003547,2.67
merkle_verification,320,458,0.010800000000017462,1.43
merkle_verification,320,956,0.004099999999993997,2.99
merkle_verification,320,991,0.005200000000002092,3.10
merkle_verification,320,757,0.009599999999977626,2.37
merkle_verification,320,871,0.006500000000016826,2.72
merkle_verification,320,361,0.00940000000002783,1.13
merkle_verification,320,144,0.007699999999999818,0.45
merkle_verification,320,579,0.00380000000001246,1.81
merkle_verification,320,612,0.010199999999997544,1.91
merkle_verification,320,752,0.0049999999999954525,2.35
merkle_verification,320,753,0.01870000000002392,2.35
merkle_verification,320,955,0.006700000000023465,2.98
merkle_verification,320,662,0.004000000000019099,2.07
merkle_verification,320,723,0.03190000000000737,2.26
merkle_verification,320,1071,0.007400000000018281,3.35
merkle_verification,320,114,0.04419999999998936,0.36
merkle_verification,320,170,0.004799999999988813,0.53
merkle_verification,320,430,0.003899999999987358,1.34
merkle_verification,320,205,0.008199999999987995,0.64
merkle_verification,320,984,0.007599999999968077,3.08
merkle_verification,320,665,0.0072999999999865395,2.08
merkle_verification,320,329,0.005799999999965166,1.03
merkle_verification,320,294,0.006299999999953343,0.92
merkle_verification,320,728,0.007100000000036744,2.27
merkle_verification,320,968,0.009000000000014552,3.02
merkle_verification,320,230,0.004899999999963711,0.72
merkle_verification,320,613,0.019299999999986994,1.92
merkle_verification,320,271,0.011899999999968713,0.85
merkle_verification,320,1091,0.0072000000000116415,3.41
merkle_verification,320,395,0.004099999999993997,1.23
merkle_verification,320,892,0.005200000000002092,2.79
merkle_verification,320,317,0.00909999999998945,0.99
merkle_verification,320,1042,0.004000000000019099,3.26
merkle_verification,320,506,0.008199999999987995,1.58
merkle_verification,320,191,0.004899999999963711,0.60
merkle_verification,320,660,0.005799999999965166,2.06
merkle_verification,320,433,0.0072999999999865395,1.35
merkle_verification,320,660,0.008600000000001273,2.06
merkle_verification,320,425,0.006000000000028649,1.33
merkle_verification,320,503,0.004900000000020555,1.57
merkle_verification,320,932,0.007000000000005002,2.91
merkle_verification,320,205,0.006900000000030104,0.64
merkle_verification,320,237,0.05020000000001801,0.74
merkle_verification,320,576,0.009500000000002728,1.80
merkle_verification,320,629,0.004700000000013915,1.97
merkle_verification,320,359,0.0072999999999865395,1.12
merkle_verification,320,842,0.0072000000000116415,2.63
merkle_verification,320,504,0.20100000000002183,1.57
merkle_verification,320,876,0.008600000000001273,2.74
merkle_verification,320,566,0.00879999999995107,1.77
merkle_verification,320,361,0.010499999999979082,1.13
merkle_verification,320,1052,0.008400000000051477,3.29
merkle_verification,320,588,0.007300000000043383,1.84
merkle_verification,320,151,0.007999999999981355,0.47
merkle_verification,320,707,0.009000000000014552,2.21
merkle_verification,320,975,0.010900000000049204,3.05
merkle_verification,320,455,0.06489999999996598,1.42
merkle_verification,320,456,0.026199999999960255,1.43
merkle_verification,320,292,0.026299999999991996,0.91
merkle_verification,320,234,0.05110000000001946,0.73
merkle_verification,320,462,0.016099999999994452,1.44
merkle_verification,320,883,0.008600000000001273,2.76
merkle_verification,320,453,0.009799999999984266,1.42
merkle_verification,320,587,0.0072999999999865395,1.83
merkle_verification,320,1094,0.011700000000018917,3.42
merkle_verification,320,588,0.008699999999976171,1.84
merkle_verification,320,653,0.01839999999998554,2.04
merkle_verification,320,843,0.011900000000025557,2.63
merkle_verification,320,831,0.012100000000032196,2.60
merkle_verification,320,736,0.012999999999976808,2.30
merkle_verification,320,505,0.007900000000006457,1.58
merkle_verification,320,904,0.3556000000000381,2.83
merkle_verification,320,715,0.18509999999997717,2.23
merkle_verification,320,188,0.03479999999996153,0.59
merkle_verification,320,1052,0.026299999999991996,3.29
merkle_verification,320,784,0.017299999999977445,2.45
merkle_verification,320,300,0.02450000000004593,0.94
merkle_verification,320,365,0.025200000000040745,1.14
merkle_verification,320,611,0.04600000000004911,1.91
merkle_verification,320,852,0.1893000000000029,2.66
merkle_verification,320,1017,0.015800000000012915,3.18
merkle_verification,320,294,0.017400000000009186,0.92
merkle_verification,320,193,0.01659999999998263,0.60
merkle_verification,320,994,0.014799999999979718,3.11
merkle_verification,320,853,0.017499999999984084,2.67
merkle_verification,320,797,0.011399999999980537,2.49
merkle_verification,320,139,0.016200000000026193,0.43
merkle_verification,320,378,0.015300000000024738,1.18
merkle_verification,320,733,0.017400000000009186,2.29
merkle_verification,320,692,0.03429999999997335,2.16
merkle_verification,320,925,0.018799999999998818,2.89
merkle_verification,320,723,0.013599999999996726,2.26
merkle_verification,320,1045,0.014000000000010004,3.27
merkle_verification,320,881,0.014999999999986358,2.75
merkle_verification,320,1089,0.012499999999988631,3.40
merkle_verification,320,245,0.08120000000002392,0.77
merkle_verification,320,896,0.04590000000001737,2.80
merkle_verification,320,720,0.016899999999964166,2.25
merkle_verification,320,765,0.01490000000001146,2.39
merkle_verification,320,192,0.12369999999998527,0.60
merkle_verification,320,970,0.020899999999983265,3.03
merkle_verification,320,682,0.01890000000003056,2.13
merkle_verification,320,718,0.015399999999999636,2.24
merkle_verification,320,478,0.02580000000000382,1.49
merkle_verification,320,653,0.017400000000009186,2.04
merkle_verification,320,900,0.015300000000024738,2.81
merkle_verification,320,462,0.017200000000002547,1.44
merkle_verification,320,380,0.015099999999961256,1.19
merkle_verification,320,298,0.01470000000000482,0.93
merkle_verification,320,1065,0.011300000000005639,3.33
merkle_verification,320,604,0.04090000000002192,1.89
merkle_verification,320,813,0.010400000000004184,2.54
merkle_verification,320,813,0.01659999999998263,2.54
merkle_verification,320,900,0.011799999999993815,2.81
merkle_verification,320,665,0.018100000000004002,2.08
merkle_verification,320,483,0.012100000000032196,1.51
merkle_verification,320,857,0.0181999999999789,2.68
merkle_verification,320,940,0.01870000000002392,2.94
merkle_verification,320,514,0.015299999999967895,1.61
merkle_verification,320,359,0.015100000000018099,1.12
merkle_verification,320,736,0.01290000000000191,2.30
merkle_verification,320,143,0.011300000000005639,0.45
merkle_verification,320,996,0.021000000000015007,3.11
merkle_verification,320,1084,0.019200000000012096,3.39
merkle_verification,320,765,0.01809999999994716,2.39
merkle_verification,320,455,0.013899999999978263,1.42
merkle_verification,320,146,0.015699999999981173,0.46
merkle_verification,320,606,0.023000000000024556,1.89
merkle_verification,320,801,0.020800000000008367,2.50
merkle_verification,320,132,0.022099999999966258,0.41
merkle_verification,320,121,0.021700000000009823,0.38
merkle_verification,320,1084,0.01670000000001437,3.39
merkle_verification,320,979,0.03469999999998663,3.06
merkle_verification,320,533,0.020800000000008367,1.67
merkle_verification,320,478,0.030799999999999272,1.49
merkle_verification,320,337,0.009799999999984266,1.05
merkle_verification,320,410,0.010999999999967258,1.28
merkle_verification,320,973,0.02010000000001355,3.04
merkle_verification,320,116,0.019600000000025375,0.36
merkle_verification,320,944,0.018699999999967076,2.95
merkle_verification,320,756,0.022000000000048203,2.36
merkle_verification,320,757,0.01619999999996935,2.37
merkle_verification,320,622,0.015899999999987813,1.94
merkle_verification,320,973,0.01779999999996562,3.04
merkle_verification,320,1052,0.017699999999990723,3.29
merkle_verification,320,151,0.015600000000006276,0.47
merkle_verification,320,113,0.015399999999999636,0.35
merkle_verification,320,1091,0.019700000000000273,3.41
merkle_verification,320,926,0.02039999999999509,2.89
merkle_verification,320,1095,0.01650000000000773,3.42
merkle_verification,320,579,0.021900000000016462,1.81
merkle_verification,320,718,0.01859999999999218,2.24
merkle_verification,320,885,0.02030000000002019,2.77
merkle_verification,320,823,0.013899999999978263,2.57
merkle_verification,320,446,0.020499999999969987,1.39
merkle_verification,320,843,0.014499999999998181,2.63
merkle_verification,320,792,0.012800000000027012,2.48
merkle_verification,320,188,0.014400000000023283,0.59
merkle_verification,320,956,0.010800000000017462,2.99
merkle_verification,320,190,0.014200000000016644,0.59
merkle_verification,320,113,0.014499999999998181,0.35
merkle_verification,320,1097,0.01890000000003056,3.43
merkle_verification,320,378,0.016400000000032833,1.18
merkle_verification,320,491,0.027100000000018554,1.53
merkle_verification,320,892,0.02940000000000964,2.79
merkle_verification,320,830,0.03120000000001255,2.59
merkle_verification,320,638,0.021900000000016462,1.99
merkle_verification,320,679,0.022099999999966258,2.12
merkle_verification,320,202,0.02090000000004011,0.63
merkle_verification,320,141,0.02050000000002683,0.44
merkle_verification,320,753,0.02050000000002683,2.35
merkle_verification,320,285,0.02539999999999054,0.89
merkle_verification,320,808,0.019000000000005457,2.52
merkle_verification,320,736,0.040699999999958436,2.30
merkle_verification,320,1043,0.02800000000002001,3.26
merkle_verification,320,212,0.1390999999999849,0.66
merkle_verification,320,897,0.039600000000007185,2.80
merkle_verification,320,559,0.01859999999999218,1.75
merkle_verification,320,300,0.025500000000022283,0.94
merkle_verification,320,608,0.02070000000003347,1.90
merkle_verification,320,295,0.0776000000000181,0.92
merkle_verification,320,230,0.025300000000015643,0.72
merkle_verification,320,780,0.019399999999961892,2.44
merkle_verification,320,1086,0.013900000000035106,3.39
merkle_verification,320,369,0.041600000000016735,1.15
merkle_verification,320,271,0.037800000000004275,0.85
merkle_verification,320,509,0.017499999999984084,1.59
merkle_verification,320,255,0.013799999999946522,0.80
merkle_verification,320,323,0.008600000000001273,1.01
merkle_verification,320,169,0.011799999999993815,0.53
merkle_verification,320,566,0.010200000000054388,1.77
merkle_verification,320,214,0.01039999999994734,0.67
merkle_verification,320,528,0.01239999999995689,1.65
merkle_verification,320,823,0.009900000000016007,2.57
merkle_verification,320,925,0.00909999999998945,2.89
merkle_verification,320,122,0.01290000000000191,0.38
merkle_verification,320,561,0.008000000000038199,1.75
merkle_verification,320,493,0.009700000000009368,1.54
merkle_verification,320,632,0.012200000000007094,1.98
merkle_verification,320,730,0.03499999999996817,2.28
merkle_verification,320,767,0.019099999999980355,2.40
merkle_verification,320,454,0.017599999999958982,1.42
merkle_verification,320,925,0.015000000000043201,2.89
merkle_verification,320,828,0.016400000000032833,2.59
merkle_verification,320,1076,0.015100000000018099,3.36
merkle_verification,320,478,0.023200000000031196,1.49
merkle_verification,320,929,0.008500000000026375,2.90
merkle_verification,320,391,0.010100000000022646,1.22
merkle_verification,320,683,0.012799999999970169,2.13
merkle_verification,320,591,0.014600000000029922,1.85
merkle_verification,320,480,0.012600000000020373,1.50
merkle_verification,320,1024,0.01670000000001437,3.20
merkle_verification,320,772,0.014299999999991542,2.41
merkle_verification,320,715,0.01630000000000109,2.23
merkle_verification,320,221,0.025500000000022283,0.69
merkle_verification,320,221,0.08280000000002019,0.69
merkle_verification,320,202,0.019000000000005457,0.63
merkle_verification,320,411,0.009799999999984266,1.28
merkle_verification,320,456,0.013000000000033651,1.43
merkle_verification,320,1070,0.01269999999999527,3.34
merkle_verification,320,361,0.01870000000002392,1.13
merkle_verification,320,646,0.010800000000017462,2.02
merkle_verification,320,730,0.004200000000025739,2.28
merkle_verification,320,753,0.0078000000000315595,2.35
merkle_verification,320,450,0.0078000000000315595,1.41
merkle_verification,320,1095,0.006500000000016826,3.42
merkle_verification,320,1065,0.011299999999948795,3.33
merkle_verification,320,756,0.008800000000007913,2.36
merkle_verification,320,1066,0.010900000000049204,3.33
merkle_verification,320,1077,0.011699999999962074,3.37
merkle_verification,320,746,0.02590000000003556,2.33
merkle_verification,320,561,0.012099999999975353,1.75
merkle_verification,320,344,0.009900000000016007,1.07
merkle_verification,320,1025,0.012100000000032196,3.20
merkle_verification,320,590,0.011099999999999,1.84
merkle_verification,320,146,0.012000000000000455,0.46
merkle_verification,320,582,0.01290000000000191,1.82
merkle_verification,320,205,0.009599999999977626,0.64
merkle_verification,320,877,0.008600000000001273,2.74
merkle_verification,320,830,0.008600000000001273,2.59
merkle_verification,320,784,0.010199999999997544,2.45
merkle_verification,320,845,0.01839999999998554,2.64
merkle_verification,320,323,0.010300000000029286,1.01
merkle_verification,320,1089,0.011200000000030741,3.40
merkle_verification,320,686,0.0181999999999789,2.14
merkle_verification,320,153,0.01089999999999236,0.48
merkle_verification,320,1014,0.011799999999993815,3.17
merkle_verification,320,975,0.009700000000009368,3.05
merkle_verification,320,978,0.008500000000026375,3.06
merkle_verification,320,757,0.008399999999994634,2.37
merkle_verification,320,857,0.010199999999997544,2.68
merkle_verification,320,163,0.006300000000010186,0.51
merkle_verification,320,425,0.008699999999976171,1.33
merkle_verification,320,156,0.007900000000006457,0.49
merkle_verification,320,559,0.012000000000000455,1.75
merkle_verification,320,681,0.006300000000010186,2.13
merkle_verification,320,745,0.035799999999994725,2.33
merkle_verification,320,220,0.01320000000004029,0.69
merkle_verification,320,859,0.019099999999980355,2.68
merkle_verification,320,559,0.007799999999974716,1.75
merkle_verification,320,803,0.00940000000002783,2.51
merkle_verification,320,869,0.014000000000010004,2.72
merkle_verification,320,896,0.007699999999999818,2.80
merkle_verification,320,895,0.03000000000002956,2.80
merkle_verification,320,855,0.009799999999984266,2.67
merkle_verification,320,251,0.014000000000010004,0.78
merkle_verification,320,626,0.011700000000018917,1.96
merkle_verification,320,526,0.009500000000002728,1.64
merkle_verification,320,971,0.008199999999987995,3.03
merkle_verification,320,705,0.041600000000016735,2.20
merkle_verification,320,214,0.011500000000012278,0.67
merkle_verification,320,502,0.013800000000003365,1.57
merkle_verification,320,181,0.010800000000017462,0.57
merkle_verification,320,570,0.0078000000000315595,1.78
merkle_verification,320,839,0.01039999999994734,2.62
merkle_verification,320,233,0.013099999999951706,0.73
merkle_verification,320,337,0.008499999999969532,1.05
merkle_verification,320,550,0.008199999999987995,1.72
merkle_verification,320,467,0.011300000000005639,1.46
merkle_verification,320,964,0.010799999999960619,3.01
merkle_verification,320,252,0.012999999999976808,0.79
merkle_verification,320,897,0.007900000000006457,2.80
merkle_verification,320,691,0.012299999999981992,2.16
merkle_verification,320,149,0.0072999999999865395,0.47
merkle_verification,320,508,0.006400000000041928,1.59
merkle_verification,320,588,0.011500000000012278,1.84
merkle_verification,320,284,0.005999999999971806,0.89
merkle_verification,320,612,0.015800000000012915,1.91
merkle_verification,320,756,0.004900000000020555,2.36
merkle_verification,320,929,0.010400000000004184,2.90
merkle_verification,320,455,0.008900000000039654,1.42
merkle_verification,320,535,0.013599999999996726,1.67
merkle_verification,320,760,0.010100000000022646,2.38
merkle_verification,320,831,0.005799999999965166,2.60
merkle_verification,320,716,0.0070999999999799,2.24
merkle_verification,320,816,0.009399999999970987,2.55
merkle_verification,320,509,0.00909999999998945,1.59
merkle_verification,320,550,0.0735000000000241,1.72
merkle_verification,320,426,0.012400000000013733,1.33
merkle_verification,320,988,0.010699999999985721,3.09
merkle_verification,320,280,0.010999999999967258,0.88
merkle_verification,320,405,0.012999999999976808,1.27
merkle_verification,320,566,0.009500000000002728,1.77
merkle_verification,320,316,0.004799999999988813,0.99
merkle_verification,320,803,0.0078000000000315595,2.51
merkle_verification,320,428,0.011300000000005639,1.34
merkle_verification,320,876,0.011099999999999,2.74
merkle_verification,320,638,0.010199999999997544,1.99
merkle_verification,320,784,0.009700000000009368,2.45
merkle_verification,320,355,0.007900000000006457,1.11
merkle_verification,320,707,0.012500000000045475,2.21
merkle_verification,320,968,0.014400000000023283,3.02
merkle_verification,320,629,0.011399999999980537,1.97
merkle_verification,320,467,0.005499999999983629,1.46
merkle_verification,320,613,0.007300000000043383,1.92
merkle_verification,320,606,0.007699999999999818,1.89
merkle_verification,320,291,0.007699999999999818,0.91
merkle_verification,320,361,0.0072999999999865395,1.13
merkle_verification,320,896,0.008300000000019736,2.80
merkle_verification,320,845,0.007300000000043383,2.64
merkle_verification,320,478,0.010299999999972442,1.49
merkle_verification,320,120,0.007499999999993179,0.38
merkle_verification,320,1048,0.005499999999983629,3.27
merkle_verification,320,551,0.021800000000041564,1.72
merkle_verification,320,545,0.00760000000002492,1.70
merkle_verification,320,192,0.010499999999979082,0.60
merkle_verification,320,361,0.005400000000008731,1.13
merkle_verification,320,973,0.007899999999949614,3.04
merkle_verification,320,585,0.02740000000000009,1.83
merkle_verification,320,505,0.015700000000038017,1.58
merkle_verification,320,984,0.01490000000001146,3.08
merkle_verification,320,757,0.011000000000024102,2.37
merkle_verification,320,290,0.015299999999967895,0.91
merkle_verification,320,1007,0.008500000000026375,3.15
merkle_verification,320,969,0.010699999999985721,3.03
merkle_verification,320,270,0.010699999999985721,0.84
merkle_verification,320,334,0.012000000000000455,1.04
merkle_verification,320,330,0.008700000000033015,1.03
merkle_verification,320,398,0.011500000000012278,1.24
merkle_verification,320,907,0.00929999999999609,2.83
merkle_verification,320,894,0.004399999999975535,2.79
merkle_verification,320,246,0.005200000000002092,0.77
merkle_verification,320,264,0.005100000000027194,0.82
merkle_verification,320,765,0.008300000000019736,2.39
merkle_verification,320,1003,0.008699999999976171,3.13
merkle_verification,320,343,0.014999999999986358,1.07
merkle_verification,320,510,0.008399999999994634,1.59
merkle_verification,320,740,0.008800000000007913,2.31
merkle_verification,320,577,0.009999999999990905,1.80
merkle_verification,320,758,0.00529999999997699,2.37
merkle_verification,320,124,0.006399999999985084,0.39
merkle_verification,320,853,0.11540000000002237,2.67
merkle_verification,320,887,0.02030000000002019,2.77
merkle_verification,320,601,0.01630000000000109,1.88
merkle_verification,320,785,0.009999999999990905,2.45
merkle_verification,320,481,0.012499999999988631,1.50
merkle_verification,320,123,0.01470000000000482,0.38
merkle_verification,320,929,0.010400000000004184,2.90
merkle_verification,320,417,0.01320000000004029,1.30
merkle_verification,320,435,0.008500000000026375,1.36
merkle_verification,320,311,0.008900000000039654,0.97
merkle_verification,320,456,0.00889999999998281,1.43
merkle_verification,320,170,0.008499999999969532,0.53
merkle_verification,320,1080,0.008700000000033015,3.38
merkle_verification,320,910,0.009900000000016007,2.84
merkle_verification,320,367,0.011399999999980537,1.15
merkle_verification,320,220,0.011199999999973898,0.69
merkle_verification,320,454,0.006999999999948159,1.42
merkle_verification,320,765,0.027300000000025193,2.39
merkle_verification,320,455,0.011099999999999,1.42
merkle_verification,320,611,0.01290000000000191,1.91
merkle_verification,320,491,0.011799999999993815,1.53
merkle_verification,320,361,0.042899999999974625,1.13
merkle_verification,320,907,0.008400000000051477,2.83
merkle_verification,320,352,0.014400000000023283,1.10
merkle_verification,320,140,0.01690000000002101,0.44
merkle_verification,320,765,0.015600000000006276,2.39
merkle_verification,320,365,0.017200000000002547,1.14
merkle_verification,320,367,0.005100000000027194,1.15
merkle_verification,320,127,0.0055000000000404725,0.40
merkle_verification,320,377,0.00380000000001246,1.18
merkle_verification,320,700,0.004300000000000637,2.19
merkle_verification,320,974,0.004399999999975535,3.04
merkle_verification,320,617,0.0050999999999703505,1.93
merkle_verification,320,729,0.007399999999961437,2.28
merkle_verification,320,715,0.010100000000022646,2.23
merkle_verification,320,854,0.006000000000028649,2.67
merkle_verification,320,148,0.005999999999971806,0.46
merkle_verification,320,489,0.004599999999982174,1.53
merkle_verification,320,409,0.009000000000014552,1.28
merkle_verification,320,393,0.01619999999996935,1.23
merkle_verification,320,1050,0.010600000000010823,3.28
merkle_verification,320,445,0.008299999999962893,1.39
merkle_verification,320,238,0.012000000000000455,0.74
merkle_verification,320,436,0.01310000000000855,1.36
merkle_verification,320,367,0.00940000000002783,1.15
merkle_verification,320,1059,0.00909999999998945,3.31
merkle_verification,320,441,0.01089999999999236,1.38
merkle_verification,320,378,0.008600000000001273,1.18
merkle_verification,320,529,0.009000000000014552,1.65
merkle_verification,320,1027,0.039099999999962165,3.21
merkle_verification,320,489,0.009199999999964348,1.53
merkle_verification,320,240,0.01269999999999527,0.75
merkle_verification,320,379,0.013399999999990087,1.18
merkle_verification,320,683,0.02420000000000755,2.13
merkle_verification,320,578,0.027300000000025193,1.81
merkle_verification,320,405,0.01439999999996644,1.27
merkle_verification,320,869,0.015499999999974534,2.72
merkle_verification,320,1003,0.014499999999998181,3.13
merkle_verification,320,707,0.035499999999956344,2.21
merkle_verification,320,694,0.015899999999987813,2.17
merkle_verification,320,285,0.04219999999997981,0.89
merkle_verification,320,792,0.019800000000032014,2.48
merkle_verification,320,220,0.02030000000002019,0.69
merkle_verification,320,736,0.020600000000001728,2.30
merkle_verification,320,342,0.2791000000000281,1.07
merkle_verification,320,713,0.13360000000000127,2.23
merkle_verification,320,898,0.027699999999981628,2.81
merkle_verification,320,193,0.015399999999999636,0.60
merkle_verification,320,568,0.011899999999968713,1.77
merkle_verification,320,819,0.006500000000016826,2.56
merkle_verification,320,969,0.008700000000033015,3.03
zk_verification,128,,0.044499999999970896,
zk_verification,128,,0.013500000000021828,
zk_verification,128,,0.016699999999957527,
zk_verification,128,,0.010800000000017462,
zk_verification,128,,0.008399999999994634,
zk_verification,128,,0.01219999999995025,
zk_verification,128,,0.014200000000016644,
zk_verification,128,,0.009399999999970987,
zk_verification,128,,0.006599999999991724,
zk_verification,128,,0.008199999999987995,
zk_verification,128,,0.012499999999988631,
zk_verification,128,,0.06430000000000291,
zk_verification,128,,0.010699999999985721,
zk_verification,128,,0.005200000000002092,
zk_verification,128,,0.01259999999996353,
zk_verification,128,,0.004600000000039017,
zk_verification,128,,0.010499999999979082,
zk_verification,128,,0.0262000000000171,
zk_verification,128,,0.003700000000037562,
zk_verification,128,,0.0033000000000242835,
zk_verification,128,,0.005200000000002092,
zk_verification,128,,0.006200000000035288,
zk_verification,128,,0.004599999999982174,
zk_verification,128,,0.0039000000000442014,
zk_verification,128,,0.005899999999996908,
zk_verification,128,,0.004600000000039017,
zk_verification,128,,0.004200000000025739,
zk_verification,128,,0.0037999999999556167,
zk_verification,128,,0.003899999999987358,
zk_verification,128,,0.003999999999962256,
zk_verification,128,,0.004200000000025739,
zk_verification,128,,0.004099999999993997,
zk_verification,128,,0.003899999999987358,
zk_verification,128,,0.003199999999992542,
zk_verification,128,,0.006200000000035288,
zk_verification,128,,0.0034999999999740794,
zk_verification,128,,0.004799999999988813,
zk_verification,128,,0.0033000000000242835,
zk_verification,128,,0.0036999999999807187,
zk_verification,128,,0.00380000000001246,
zk_verification,128,,0.00380000000001246,
zk_verification,128,,0.004200000000025739,
zk_verification,128,,0.00529999999997699,
zk_verification,128,,0.010199999999997544,
zk_verification,128,,0.012799999999970169,
zk_verification,128,,0.005499999999983629,
zk_verification,128,,0.004300000000000637,
zk_verification,128,,0.003100000000017644,
zk_verification,128,,0.002900000000011005,
zk_verification,128,,0.003100000000017644,
zk_verification,128,,0.0036999999999807187,
zk_verification,128,,0.002900000000011005,
zk_verification,128,,0.004099999999993997,
zk_verification,128,,0.0036999999999807187,
zk_verification,128,,0.004699999999957072,
zk_verification,128,,0.004400000000032378,
zk_verification,128,,0.004900000000020555,
zk_verification,128,,0.006100000000003547,
zk_verification,128,,0.004900000000020555,
zk_verification,128,,0.0039000000000442014,
zk_verification,128,,0.005400000000008731,
zk_verification,128,,0.008699999999976171,
zk_verification,128,,0.007699999999999818,
zk_verification,128,,0.0034999999999740794,
zk_verification,128,,0.04390000000000782,
zk_verification,128,,0.07179999999999609,
zk_verification,128,,0.007500000000050022,
zk_verification,128,,0.0033000000000242835,
zk_verification,128,,0.006799999999998363,
zk_verification,128,,0.006500000000016826,
zk_verification,128,,0.007799999999974716,
zk_verification,128,,0.004799999999988813,
zk_verification,128,,0.0028999999999541615,
zk_verification,128,,0.0036999999999807187,
zk_verification,128,,0.004700000000013915,
zk_verification,128,,0.007899999999949614,
zk_verification,128,,0.004000000000019099,
zk_verification,128,,0.0036000000000058208,
zk_verification,128,,0.004500000000007276,
zk_verification,128,,0.003999999999962256,
zk_verification,128,,0.003100000000017644,
zk_verification,128,,0.0034999999999740794,
zk_verification,128,,0.00380000000001246,
zk_verification,128,,0.004699999999957072,
zk_verification,128,,0.003999999999962256,
zk_verification,128,,0.00529999999997699,
zk_verification,128,,0.006200000000035288,
zk_verification,128,,0.007999999999981355,
zk_verification,128,,0.003899999999987358,
zk_verification,128,,0.0033999999999991815,
zk_verification,128,,0.011599999999987176,
zk_verification,128,,0.0030999999999608008,
zk_verification,128,,0.003199999999992542,
zk_verification,128,,0.0036999999999807187,
zk_verification,128,,0.002900000000011005,
zk_verification,128,,0.0036000000000058208,
zk_verification,128,,0.003999999999962256,
zk_verification,128,,0.002999999999985903,
zk_verification,128,,0.0027999999999792635,
zk_verification,128,,0.0028999999999541615,
compression,,,0.13249999999999318,15.78
compression,,,0.051400000000001,7.59
compression,,,0.02349999999995589,7.50
compression,,,0.021299999999996544,7.88
compression,,,0.0373000000000161,31.66
compression,,,0.018799999999998818,5.81
compression,,,0.05960000000004584,8.50
compression,,,0.034199999999998454,15.69
compression,,,0.026199999999960255,20.16
compression,,,0.030199999999979354,4.88
compression,,,0.012299999999981992,23.44
compression,,,0.006100000000003547,11.78
compression,,,0.017200000000002547,18.47
compression,,,0.030900000000031014,12.31
compression,,,0.017899999999997362,13.03
compression,,,0.05040000000002465,6.81
compression,,,0.014299999999991542,16.41
compression,,,0.01089999999999236,19.44
compression,,,0.011200000000030741,6.41
compression,,,0.013199999999983447,30.75
compression,,,0.011000000000024102,11.28
compression,,,0.006500000000016826,6.75
compression,,,0.010800000000017462,12.34
compression,,,0.010999999999967258,30.66
compression,,,0.013699999999971624,15.09
compression,,,0.009999999999990905,29.88
compression,,,0.004899999999963711,7.19
compression,,,0.006399999999985084,33.22
compression,,,0.005700000000047112,32.75
compression,,,0.008600000000001273,16.44
compression,,,0.028199999999969805,33.50
compression,,,0.009900000000016007,15.91
compression,,,0.008399999999994634,14.81
compression,,,0.009900000000016007,12.81
compression,,,0.006899999999973261,12.81
compression,,,0.009399999999970987,13.47
compression,,,0.008199999999987995,20.47
compression,,,0.31920000000002346,27.88
compression,,,0.017099999999970805,23.84
compression,,,0.012100000000032196,11.22
compression,,,0.014499999999998181,5.44
compression,,,0.02090000000004011,20.78
compression,,,0.011199999999973898,29.50
compression,,,0.01290000000000191,25.66
compression,,,0.012000000000000455,9.22
compression,,,0.010499999999979082,28.13
compression,,,0.011699999999962074,20.91
compression,,,0.007100000000036744,7.50
compression,,,0.006300000000010186,14.53
compression,,,0.009500000000002728,22.66
compression,,,0.011500000000012278,12.03
compression,,,0.008999999999957708,19.75
compression,,,0.00889999999998281,34.19
compression,,,0.01579999999995607,14.66
compression,,,0.012799999999970169,15.97
compression,,,0.01310000000000855,7.56
compression,,,0.008600000000001273,12.66
compression,,,0.008600000000001273,9.41
compression,,,0.012000000000000455,31.78
compression,,,0.008600000000001273,10.53
compression,,,0.009500000000002728,33.63
compression,,,0.009100000000046293,16.84
compression,,,0.007999999999981355,7.06
compression,,,0.013199999999983447,8.59
compression,,,0.008399999999994634,4.59
compression,,,0.010300000000029286,18.41
compression,,,0.029899999999997817,5.72
compression,,,0.012799999999970169,20.34
compression,,,0.008800000000007913,15.03
compression,,,0.012499999999988631,20.41
compression,,,0.021500000000003183,26.72
compression,,,0.01690000000002101,7.09
compression,,,0.016000000000019554,4.47
compression,,,0.019200000000012096,18.00
compression,,,0.025100000000009004,9.75
compression,,,0.02359999999998763,28.72
compression,,,0.018899999999973716,25.44
compression,,,0.014200000000016644,15.81
compression,,,0.012100000000032196,24.47
compression,,,0.009500000000002728,17.81
compression,,,0.011900000000025557,31.91
compression,,,0.008100000000013097,26.09
compression,,,0.0072999999999865395,30.78
compression,,,0.05680000000000973,18.44
compression,,,0.007699999999999818,5.16
compression,,,0.010800000000017462,33.38
compression,,,0.06749999999999545,29.22
compression,,,0.008700000000033015,24.63
compression,,,0.006100000000003547,12.72
compression,,,0.006100000000003547,9.00
compression,,,0.0055000000000404725,12.44
compression,,,0.007100000000036744,30.25
compression,,,0.009500000000002728,29.00
compression,,,0.0049999999999954525,4.91
compression,,,0.010199999999997544,21.00
compression,,,0.015800000000012915,34.19
compression,,,0.02709999999996171,4.66
compression,,,0.015600000000006276,13.03
compression,,,0.01269999999999527,18.09
compression,,,0.009799999999984266,20.16
